source_id,source_tier,event_or_record_date,statement_or_publication_date,record_type,creator_or_custodian,identifier,claim_supported,claim_not_supported,url,status
EDW-NARA-FILM-1003460,primary archive,1957-05-02,1975-1976 transfer inventory,film inventory,U.S. Air Force to National Archives,NARA item 1003460,"Gettys & Bittick Edwards material exists as two 35mm negative B&W filmstrips","object identity; landing; extraterrestrial origin",https://prologue.blogs.archives.gov/wp-content/uploads/sites/9/2018/03/report.pdf,verified
EDW-NARA-CASE-28970018,primary government case file,1957-05-02,current NARA custody,textual case file,U.S. Air Force / National Archives,"NAID 28970018; T1206 Roll 27","Project Blue Book investigated Edwards event; record card carries confirmed-balloon comment","independent reproduction of balloon geometry by Omoluabi",https://catalog.archives.gov/id/28970018,verified identifier; 106-page review pending
EDW-PBB-4715-COVER,government-record derivative,1957-05-02,current derivative host,case cover,Project Blue Book / BlueBookFiles derivative,"File 4715; derivative 7277037","cover visibly says Edwards AFB and 41 photos","what those 41 photos depict or how many unique exposures survive",https://bluebookfiles.org/doc/800,verified derivative text
EDW-AF-SPENCE-LETTER,period reproduction of official correspondence,1957-05-02,1957-06-11,letter,Maj. Robert F. Spence / Edwards AFB Information Office,,"Air Force said object was conclusively identified as balloon and cited precision tracking/time/bearing/elevation/speed","independent validation of every cited measurement until original letter/analysis is matched",https://www.saturdaynightuforia.com/html/articles/articlehtml/saucsum12.html,period reproduction; original archival page still to match
EDW-MCDONALD-1968,later witness reconstruction in official congressional record,1957-05-02/03,1968-07-29,congressional testimony,James E. McDonald / U.S. House Committee,CHRG-90hhrg97818,"McDonald interviewed Bittick Gettys Baker; reports photography and object moving away","landing legs; touchdown; contemporaneous 1957 proof of later descriptive detail",https://www.govinfo.gov/app/details/CHRG-90hhrg97818,verified hearing record
EDW-COMMONS-4750,government-record derivative,1957-05-02,2023 upload,24-page PDF derivative,Project Blue Book / Internet Archive / Wikimedia Commons,"Case 4750 Photos USA","a same-date Edwards photo-file derivative exists under identifier 4750","that 4750 equals or duplicates 4715",https://commons.wikimedia.org/wiki/File:Project_Blue_Book_report_-_1957-05,_Edwards_AFB,_California.pdf,identifier conflict unresolved
EDW-SPARKS-GEOMETRY,secondary reconstruction,1957-05-02,secondary publication,case reconstruction,Brad Sparks / NICAP,"frames 609 614 620 651","candidate frame numbers azimuth/elevation coordinates and balloon-altitude leads","primary status of those values",https://www.nicap.org/570502edwardsafb_dir.htm,quarantined secondary lead
EDW-WEATHER-STATION,official/historical station metadata,1957 context,current archive metadata,station metadata,NOAA/NCEI,WMO 723810,"Edwards AFB upper-air/weather station identifier and approximate station location/elevation","the specific May 2 1957 balloon track",https://www.ncei.noaa.gov/pub/data/images/olstore/pdf/ewdstations-alpha.pdf,verified station metadata; event sounding pending
EDW-IEM-RAOB,data-retrieval service,1957 context,current service,radiosonde archive,Iowa Environmental Mesonet / NCEI backfill,RAOB archive,"historical soundings can expose wind height and sometimes balloon bearing/range","that requested May 1957 event data are present until retrieved",https://mesonet.agron.iastate.edu/archive/raob/,retrieval target
